young,j
billion,m
dozen,m
eight,m
eighth,m
eleven,m
fifteen,m
fifth,m
fifty,m
first,m
five,m
forty,m
four,m
fourth,m
hundred,m
last,m
million,m
next,m
nine,m
one,m
one-third,m
second,m
seven,m
seventh,m
six,m
sixth,m
ten,m
third,m
thirty,m
thousand,m
three,m
twelve,m
twentieth,m
twenty,m
two,m
two-thirds,m
time,n
year,n
people,n
way,n
day,n
man,n
thing,n
woman,n
life,n
child,n
world,n
school,n
state,n
family,n
student,n
group,n
country,n
problem,n
hand,n
part,n
place,n
case,n
week,n
company,n
system,n
program,n
question,n
work,n
government,n
number,n
night,n
Mr,n
point,n
home,n
water,n
room,n
mother,n
area,n
money,n
story,n
fact,n
month,n
lot,n
right,n
study,n
book,n
eye,n
job,n
word,n
business,n
issue,n
side,n
kind,n
head,n
house,n
service,n
friend,n
father,n
power,n
hour,n
game,n
line,n
end,n
member,n
law,n
car,n
city,n
community,n
name,n
president,n
team,n
minute,n
idea,n
kid,n
body,n
information,n
back,n
parent,n
face,n
others,n
level,n
office,n
door,n
health,n
person,n
art,n
war,n
history,n
party,n
result,n
change,n
morning,n
reason,n
research,n
girl,n
guy,n
food,n
moment,n
air,n
teacher,n
force,n
education,n
foot,n
boy,n
age,n
policy,n
process,n
music,n
market,n
sense,n
nation,n
plan,n
college,n
interest,n
death,n
experience,n
effect,n
use,n
class,n
control,n
care,n
field,n
development,n
role,n
effort,n
rate,n
heart,n
drug,n
show,n
leader,n
light,n
voice,n
wife,n
police,n
mind,n
price,n
report,n
decision,n
son,n
view,n
relationship,n
town,n
road,n
arm,n
difference,n
value,n
building,n
action,n
model,n
season,n
society,n
tax,n
director,n
position,n
player,n
record,n
paper,n
space,n
ground,n
form,n
event,n
official,n
matter,n
center,n
couple,n
site,n
project,n
activity,n
star,n
table,n
need,n
court,n
American,n
oil,n
situation,n
cost,n
industry,n
figure,n
street,n
image,n
phone,n
data,n
picture,n
practice,n
piece,n
land,n
product,n
doctor,n
wall,n
patient,n
worker,n
news,n
test,n
movie,n
north,n
love,n
support,n
technology,n
step,n
baby,n
computer,n
type,n
attention,n
film,n
Republican,n
tree,n
source,n
organization,n
hair,n
look,n
century,n
evidence,n
window,n
culture,n
chance,n
brother,n
energy,n
period,n
course,n
summer,n
plant,n
opportunity,n
term,n
letter,n
condition,n
choice,n
rule,n
daughter,n
administration,n
south,n
husband,n
Congress,n
floor,n
campaign,n
material,n
population,n
call,n
economy,n
hospital,n
church,n
risk,n
fire,n
future,n
defense,n
security,n
bank,n
west,n
sport,n
board,n
subject,n
officer,n
rest,n
behavior,n
performance,n
top,n
goal,n
second,n
bed,n
order,n
author,n
blood,n
agency,n
nature,n
color,n
store,n
sound,n
movement,n
page,n
race,n
concern,n
series,n
language,n
response,n
animal,n
factor,n
decade,n
article,n
east,n
artist,n
scene,n
stock,n
career,n
treatment,n
approach,n
size,n
dog,n
fund,n
media,n
sign,n
thought,n
list,n
individual,n
quality,n
pressure,n
answer,n
resource,n
meeting,n
disease,n
success,n
cup,n
amount,n
ability,n
staff,n
character,n
growth,n
loss,n
degree,n
attack,n
region,n
television,n
box,n
TV,n
training,n
trade,n
deal,n
election,n
feeling,n
standard,n
bill,n
message,n
analysis,n
benefit,n
sex,n
lawyer,n
section,n
glass,n
skill,n
sister,n
professor,n
operation,n
crime,n
stage,n
authority,n
design,n
sort,n
one,n
knowledge,n
gun,n
station,n
strategy,n
truth,n
song,n
example,n
environment,n
leg,n
public,n
executive,n
set,n
rock,n
note,n
manager,n
help,n
network,n
science,n
memory,n
card,n
seat,n
cell,n
trial,n
expert,n
spring,n
firm,n
Democrat,n
radio,n
management,n
ball,n
talk,n
theory,n
impact,n
statement,n
charge,n
direction,n
weapon,n
employee,n
peace,n
base,n
pain,n
play,n
measure,n
interview,n
chair,n
fish,n
camera,n
structure,n
politics,n
bit,n
weight,n
candidate,n
production,n
trip,n
evening,n
conference,n
unit,n
style,n
adult,n
range,n
past,n
edge,n
writer,n
trouble,n
challenge,n
fear,n
shoulder,n
institution,n
sea,n
dream,n
bar,n
property,n
stuff,n
detail,n
method,n
magazine,n
hotel,n
soldier,n
cause,n
bag,n
heat,n
fall,n
marriage,n
surface,n
purpose,n
pattern,n
skin,n
agent,n
owner,n
machine,n
gas,n
generation,n
cancer,n
item,n
reality,n
coach,n
Mrs,n
yard,n
violence,n
investment,n
discussion,n
finger,n
garden,n
collection,n
task,n
partner,n
kitchen,n
consumer,n
shot,n
budget,n
painting,n
scientist,n
agreement,n
capital,n
mouth,n
victim,n
newspaper,n
threat,n
responsibility,n
attorney,n
score,n
account,n
break,n
audience,n
dinner,n
vote,n
debate,n
citizen,n
majority,n
wind,n
mission,n
customer,n
speech,n
option,n
participant,n
forest,n
video,n
Senate,n
reform,n
access,n
restaurant,n
judge,n
relation,n
bird,n
opinion,n
credit,n
corner,n
version,n
safety,n
neighborhood,n
act,n
troop,n
income,n
species,n
track,n
hope,n
sky,n
freedom,n
plane,n
object,n
attitude,n
labor,n
concept,n
client,n
conversation,n
variety,n
turn,n
investigation,n
researcher,n
press,n
conflict,n
spirit,n
argument,n
camp,n
brain,n
feature,n
afternoon,n
weekend,n
possibility,n
insurance,n
department,n
battle,n
beginning,n
date,n
crisis,n
fan,n
hole,n
element,n
vision,n
status,n
ship,n
solution,n
stone,n
scale,n
university,n
driver,n
attempt,n
park,n
spot,n
lack,n
ice,n
boat,n
sun,n
distance,n
wood,n
truck,n
return,n
mountain,n
survey,n
tradition,n
winter,n
village,n
sales,n
communication,n
run,n
screen,n
resident,n
gold,n
club,n
farm,n
increase,n
middle,n
presence,n
district,n
shape,n
reader,n
Ms,n
contract,n
crowd,n
apartment,n
strength,n
band,n
horse,n
target,n
prison,n
guard,n
demand,n
reporter,n
text,n
share,n
tool,n
vehicle,n
flight,n
facility,n
understanding,n
advantage,n
leadership,n
pound,n
basis,n
guest,n
sample,n
block,n
protection,n
while,n
identity,n
title,n
lesson,n
faith,n
river,n
living,n
technique,n
path,n
ear,n
shop,n
folk,n
principle,n
border,n
competition,n
claim,n
equipment,n
critic,n
aspect,n
failure,n
Christmas,n
comment,n
affair,n
procedure,n
chairman,n
baseball,n
egg,n
belief,n
murder,n
gift,n
religion,n
review,n
editor,n
coffee,n
document,n
speed,n
influence,n
youth,n
wave,n
move,n
quarter,n
background,n
reaction,n
suit,n
perspective,n
construction,n
intelligence,n
connection,n
shoe,n
grade,n
context,n
committee,n
mistake,n
focus,n
smile,n
location,n
clothes,n
neighbor,n
drive,n
function,n
bone,n
average,n
wine,n
voter,n
mean,n
learning,n
bus,n
hell,n
category,n
victory,n
key,n
visit,n
Internet,n
medicine,n
tour,n
photo,n
finding,n
classroom,n
contact,n
justice,n
pair,n
exercise,n
knee,n
flower,n
tape,n
supply,n
cut,n
will,n
actor,n
birth,n
search,n
democracy,n
circle,n
device,n
progress,n
front,n
bottom,n
island,n
exchange,n
studio,n
lady,n
colleague,n
application,n
neck,n
damage,n
plastic,n
plate,n
writing,n
start,n
expression,n
football,n
chicken,n
army,n
abuse,n
theater,n
map,n
session,n
danger,n
literature,n
rain,n
desire,n
assessment,n
injury,n
respect,n
fuel,n
leaf,n
instruction,n
fight,n
pool,n
lead,n
engine,n
salt,n
importance,n
metal,n
fat,n
ticket,n
software,n
lip,n
reading,n
lunch,n
farmer,n
sugar,n
planet,n
enemy,n
athlete,n
soul,n
panel,n
meaning,n
mom,n
instrument,n
weather,n
commitment,n
pocket,n
temperature,n
surprise,n
poll,n
proposal,n
consequence,n
half,n
breath,n
sight,n
cover,n
balance,n
minority,n
works,n
teaching,n
aid,n
advice,n
photograph,n
trail,n
novel,n
code,n
jury,n
breast,n
human,n
theme,n
storm,n
union,n
desk,n
thanks,n
fruit,n
conclusion,n
shadow,n
analyst,n
dance,n
limit,n
regulation,n
being,n
ring,n
revenue,n
county,n
appearance,n
package,n
difficulty,n
bridge,n
train,n
e-mail,n
thinking,n
trend,n
visitor,n
loan,n
investor,n
profit,n
crew,n
accident,n
male,n
meal,n
hearing,n
traffic,n
muscle,n
notion,n
earth,n
chest,n
cash,n
museum,n
beauty,n
emergency,n
stress,n
content,n
root,n
nose,n
bottle,n
setting,n
dress,n
file,n
outcome,n
ad,n
duty,n
sheet,n
extent,n
component,n
contrast,n
zone,n
airport,n
chief,n
shirt,n
pilot,n
cat,n
contribution,n
capacity,n
estate,n
guide,n
circumstance,n
snow,n
politician,n
percentage,n
meat,n
soil,n
surgery,n
basketball,n
golf,n
chain,n
address,n
branch,n
combination,n
governor,n
relief,n
user,n
dad,n
manner,n
silence,n
rating,n
motion,n
gender,n
fee,n
landscape,n
bowl,n
frame,n
host,n
hall,n
ocean,n
row,n
producer,n
regime,n
division,n
appeal,n
mirror,n
tooth,n
length,n
topic,n
variable,n
telephone,n
perception,n
confidence,n
bedroom,n
secret,n
debt,n
tank,n
nurse,n
coverage,n
opposition,n
bond,n
pleasure,n
master,n
era,n
requirement,n
check,n
stand,n
fun,n
expectation,n
wing,n
struggle,n
judgment,n
beer,n
English,n
reference,n
tear,n
doubt,n
minister,n
hero,n
cloud,n
winner,n
volume,n
travel,n
seed,n
fashion,n
pepper,n
intervention,n
copy,n
tip,n
welfare,n
vegetable,n
dish,n
beach,n
improvement,n
opening,n
route,n
league,n
core,n
rise,n
tie,n
holiday,n
resolution,n
household,n
abortion,n
witness,n
sector,n
representative,n
black,n
incident,n
flow,n
faculty,n
waste,n
mass,n
experiment,n
bomb,n
tone,n
engineer,n
wheel,n
female,n
promise,n
cable,n
AIDS,n
Jew,n
cream,n
secretary,n
gate,n
hill,n
noise,n
grass,n
hat,n
legislation,n
achievement,n
fishing,n
drink,n
talent,n
taste,n
characteristic,n
milk,n
sentence,n
height,n
physician,n
sleep,n
ride,n
explanation,n
campus,n
potential,n
immigrant,n
alternative,n
interaction,n
column,n
personality,n
signal,n
curriculum,n
honor,n
passenger,n
assistance,n
association,n
lab,n
offer,n
criticism,n
asset,n
depression,n
journalist,n
prayer,n
scholar,n
warning,n
climate,n
cheese,n
observation,n
childhood,n
payment,n
sir,n
cigarette,n
definition,n
priority,n
bread,n
creation,n
graduate,n
request,n
emotion,n
universe,n
gap,n
prosecutor,n
mark,n
green,n
airline,n
library,n
agenda,n
factory,n
selection,n
roof,n
expense,n
initiative,n
diet,n
funding,n
therapy,n
schedule,n
housing,n
post,n
dark,n
steel,n
chip,n
self,n
bike,n
tea,n
comparison,n
settlement,n
layer,n
planning,n
description,n
wedding,n
portion,n
territory,n
opponent,n
link,n
lake,n
tension,n
display,n
alcohol,n
saving,n
gain,n
desert,n
error,n
release,n
cop,n
walk,n
sand,n
hit,n
print,n
passage,n
transition,n
existence,n
album,n
participation,n
atmosphere,n
cycle,n
whole,n
resistance,n
discovery,n
exposure,n
stream,n
sale,n
trust,n
pot,n
coalition,n
tale,n
knife,n
phase,n
present,n
joke,n
coat,n
symptom,n
manufacturer,n
philosophy,n
potato,n
foundation,n
pass,n
negotiation,n
good,n
occasion,n
dust,n
investigator,n
jacket,n
reduction,n
shift,n
suicide,n
touch,n
substance,n
discipline,n
iron,n
passion,n
volunteer,n
gene,n
enforcement,n
sauce,n
independence,n
marketing,n
priest,n
advance,n
employer,n
shock,n
illness,n
cap,n
habit,n
juice,n
involvement,n
Indian,n
disaster,n
parking,n
prospect,n
boss,n
complaint,n
championship,n
mystery,n
poverty,n
entry,n
spending,n
king,n
symbol,n
maker,n
mood,n
emphasis,n
boot,n
entertainment,n
bean,n
evaluation,n
creature,n
commander,n
arrangement,n
total,n
anger,n
peak,n
disorder,n
missile,n
wire,n
round,n
distribution,n
transportation,n
twin,n
command,n
commission,n
interpretation,n
breakfast,n
stop,n
engineering,n
luck,n
clinic,n
veteran,n
tablespoon,n
tourist,n
tomato,n
exception,n
butter,n
deficit,n
bathroom,n
objective,n
ally,n
journey,n
reputation,n
mixture,n
tower,n
smoke,n
dimension,n
toy,n
prisoner,n
peer,n
designer,n
personnel,n
educator,n
relative,n
immigration,n
belt,n
teaspoon,n
birthday,n
implication,n
coast,n
supporter,n
silver,n
teenager,n
recognition,n
retirement,n
flag,n
recovery,n
watch,n
gentleman,n
corn,n
moon,n
throat,n
salary,n
observer,n
publication,n
crop,n
strike,n
phenomenon,n
anxiety,n
convention,n
exhibition,n
viewer,n
pan,n
consultant,n
administrator,n
mayor,n
consideration,n
CEO,n
estimate,n
buck,n
poem,n
grandmother,n
enterprise,n
testing,n
stomach,n
suggestion,n
mail,n
recipe,n
preparation,n
concert,n
intention,n
channel,n
tube,n
drawing,n
protein,n
absence,n
roll,n
jail,n
diversity,n
pace,n
employment,n
speaker,n
impression,n
essay,n
respondent,n
cake,n
historian,n
specialist,n
origin,n
approval,n
mine,n
drop,n
count,n
depth,n
wealth,n
disability,n
shell,n
professional,n
pack,n
onion,n
deputy,n
brand,n
award,n
criteria,n
dealer,n
utility,n
highway,n
routine,n
wage,n
phrase,n
ingredient,n
stake,n
fiber,n
activist,n
terrorism,n
refugee,n
hip,n
corporation,n
assumption,n
gear,n
barrier,n
provision,n
killer,n
gang,n
chemical,n
label,n
teen,n
index,n
vacation,n
advocate,n
draft,n
heaven,n
drama,n
satellite,n
wonder,n
clock,n
chocolate,n
ceiling,n
advertising,n
button,n
bell,n
rank,n
darkness,n
clothing,n
fence,n
portrait,n
paint,n
survival,n
lawsuit,n
testimony,n
bunch,n
beat,n
burden,n
chamber,n
furniture,n
cooperation,n
string,n
ceremony,n
cheek,n
profile,n
mechanism,n
penalty,n
match,n
resort,n
destruction,n
bear,n
tissue,n
pant,n
stranger,n
infection,n
cabinet,n
apple,n
virus,n
dispute,n
fortune,n
assistant,n
statistics,n
shopping,n
cousin,n
white,n
port,n
electricity,n
adviser,n
pay,n
spokesman,n
incentive,n
slave,n
terror,n
expansion,n
elite,n
dirt,n
rice,n
bullet,n
Bible,n
chart,n
decline,n
conservative,n
stick,n
concentration,n
champion,n
scenario,n
telescope,n
reflection,n
revolution,n
strip,n
tournament,n
fiction,n
lifetime,n
recommendation,n
senator,n
hunting,n
salad,n
boundary,n
satisfaction,n
journal,n
bench,n
lover,n
awareness,n
general,n
deck,n
pole,n
mode,n
dialogue,n
founder,n
pride,n
aircraft,n
delivery,n
platform,n
finance,n
joy,n
worth,n
singer,n
shooting,n
offense,n
counter,n
DNA,n
smell,n
transfer,n
protest,n
crash,n
craft,n
treaty,n
terrorist,n
insight,n
lie,n
episode,n
fault,n
mix,n
assault,n
stair,n
adventure,n
proof,n
headquarters,n
violation,n
tongue,n
license,n
hold,n
shelter,n
controversy,n
entrance,n
favorite,n
tragedy,n
net,n
funeral,n
profession,n
establishment,n
imagination,n
mask,n
presentation,n
introduction,n
representation,n
deer,n
partnership,n
pollution,n
emission,n
fate,n
earnings,n
oven,n
distinction,n
segment,n
poet,n
variation,n
comfort,n
honey,n
correspondent,n
musician,n
significance,n
load,n
vessel,n
storage,n
leather,n
evolution,n
tribe,n
shelf,n
can,n
grandfather,n
lawn,n
buyer,n
dining,n
wisdom,n
council,n
instance,n
garlic,n
capability,n
poetry,n
celebrity,n
stability,n
fantasy,n
plot,n
framework,n
gesture,n
psychology,n
counselor,n
chapter,n
fellow,n
divorce,n
pipe,n
math,n
shade,n
tail,n
obligation,n
angle,n
palm,n
custom,n
economist,n
soup,n
celebration,n
composition,n
pile,n
carbon,n
scheme,n
crack,n
frequency,n
tobacco,n
survivor,n
psychologist,n
galaxy,n
ski,n
limitation,n
appointment,n
preference,n
meter,n
explosion,n
arrest,n
fighter,n
admission,n
hunter,n
friendship,n
aide,n
infant,n
porch,n
tendency,n
uniform,n
formation,n
scholarship,n
reservation,n
efficiency,n
mall,n
scandal,n
PC,n
heel,n
privacy,n
fabric,n
contest,n
proportion,n
guideline,n
rifle,n
maintenance,n
conviction,n
trick,n
tent,n
examination,n
publisher,n
French,n
myth,n
cow,n
standing,n
tennis,n
nerve,n
barrel,n
bombing,n
membership,n
ratio,n
menu,n
purchase,n
lifestyle,n
humor,n
glove,n
suspect,n
narrative,n
photographer,n
helicopter,n
Catholic,n
provider,n
delay,n
stroke,n
scope,n
punishment,n
handful,n
horizon,n
girlfriend,n
cholesterol,n
adjustment,n
taxpayer,n
principal,n
motivation,n
assignment,n
restriction,n
Palestinian,n
laboratory,n
workshop,n
auto,n
cotton,n
motor,n
flavor,n
sequence,n
demonstration,n
jet,n
consumption,n
blade,n
medication,n
cabin,n
edition,n
valley,n
pitch,n
pine,n
manufacturing,n
Christian,n
complex,n
chef,n
discrimination,n
German,n
boom,n
heritage,n
God,n
shit,n
lemon,n
economics,n
nut,n
legacy,n
extension,n
fly,n
battery,n
arrival,n
orientation,n
inflation,n
flame,n
cluster,n
wound,n
shower,n
operating,n
hay,n
garage,n
operator,n
instructor,n
comedy,n
mortgage,n
sanction,n
habitat,n
grain,n
consciousness,n
measurement,n
province,n
ethics,n
nomination,n
permission,n
actress,n
summit,n
acid,n
odds,n
frustration,n
medium,n
grant,n
shore,n
lung,n
discourse,n
basket,n
fighting,n
competitor,n
powder,n
ghost,n
cookie,n
carrier,n
cooking,n
swing,n
orange,n
pet,n
miracle,n
rhythm,n
killing,n
sin,n
charity,n
script,n
tactic,n
identification,n
transformation,n
headline,n
venture,n
invasion,n
military,n
piano,n
grocery,n
intensity,n
blanket,n
margin,n
quarterback,n
mouse,n
rope,n
prescription,n
brick,n
patch,n
consensus,n
horror,n
recording,n
painter,n
pie,n
sake,n
gaze,n
courage,n
pregnancy,n
clue,n
win,n
confusion,n
slice,n
occupation,n
coal,n
criminal,n
formula,n
uncle,n
square,n
captain,n
gallery,n
soccer,n
defendant,n
tunnel,n
fitness,n
lap,n
grave,n
toe,n
container,n
virtue,n
architect,n
makeup,n
inquiry,n
rose,n
indication,n
rail,n
anniversary,n
couch,n
alliance,n
hypothesis,n
boyfriend,n
mess,n
legend,n
adolescent,n
norm,n
remark,n
reward,n
organ,n
laughter,n
northwest,n
counseling,n
receiver,n
ritual,n
insect,n
salmon,n
favor,n
trading,n
combat,n
stem,n
surgeon,n
physics,n
rape,n
counsel,n
brush,n
jeans,n
log,n
pill,n
sculpture,n
compound,n
flour,n
slope,n
presidency,n
serving,n
bishop,n
drinking,n
cry,n
acceptance,n
collapse,n
pump,n
candy,n
evil,n
final,n
medal,n
export,n
midnight,n
curve,n
integrity,n
logic,n
essence,n
closet,n
interior,n
corridor,n
pitcher,n
snake,n
cross,n
weakness,n
pig,n
cold,n
T-shirt,n
unemployment,n
civilization,n
pop,n
correlation,n
humanity,n
developer,n
excitement,n
beef,n
Islam,n
stretch,n
architecture,n
elbow,n
Muslim,n
allegation,n
airplane,n
duck,n
dose,n
lecture,n
van,n
bay,n
suburb,n
sandwich,n
trunk,n
rumor,n
implementation,n
cloth,n
effectiveness,n
lens,n
reach,n
inspector,n
fraud,n
companion,n
nail,n
array,n
rat,n
hallway,n
cave,n
southwest,n
monster,n
obstacle,n
encounter,n
herb,n
integration,n
crystal,n
recession,n
wish,n
motive,n
flood,n
pen,n
ownership,n
nightmare,n
notice,n
inspection,n
supervisor,n
arena,n
laugh,n
diagnosis,n
possession,n
basement,n
prosecution,n
announcement,n
warrior,n
prediction,n
bacteria,n
questionnaire,n
mud,n
infrastructure,n
privilege,n
temple,n
broadcast,n
wrist,n
curtain,n
monitor,n
pond,n
domain,n
guilt,n
cattle,n
walking,n
playoff,n
skirt,n
database,n
aim,n
limb,n
ideology,n
harm,n
railroad,n
radiation,n
horn,n
innovation,n
strain,n
guitar,n
replacement,n
dancer,n
amendment,n
pad,n
transmission,n
grace,n
colony,n
adoption,n
slide,n
civilian,n
towel,n
particle,n
glance,n
prize,n
landing,n
conduct,n
blue,n
bat,n
alarm,n
festival,n
grip,n
freshman,n
sweat,n
European,n
separation,n
southeast,n
ballot,n
rhetoric,n
vitamin,n
enthusiasm,n
wilderness,n
mandate,n
pause,n
excuse,n
uncertainty,n
chaos,n
canvas,n
lobby,n
format,n
trait,n
currency,n
turkey,n
reserve,n
beam,n
astronomer,n
corruption,n
contractor,n
doctrine,n
thumb,n
unity,n
compromise,n
rush,n
complexity,n
fork,n
disk,n
suspicion,n
lock,n
finish,n
health-care,n
health-care,n
health-care,n
health-care,n
residence,n
shame,n
sidewalk,n
Olympics,n
signature,n
rebel,n
spouse,n
fluid,n
pension,n
sodium,n
blow,n
promotion,n
forehead,n
hook,n
detective,n
traveler,n
compensation,n
exit,n
attraction,n
pickup,n
needle,n
belly,n
portfolio,n
shuttle,n
timing,n
engagement,n
ankle,n
transaction,n
counterpart,n
rider,n
doll,n
noon,n
exhibit,n
carbohydrate,n
liberty,n
poster,n
theology,n
oxygen,n
magic,n
sum,n
businessman,n
determination,n
donor,n
pastor,n
jazz,n
opera,n
Japanese,n
bite,n
acquisition,n
pit,n
wildlife,n
giant,n
primary,n
equity,n
doorway,n
departure,n
elevator,n
guidance,n
happiness,n
statue,n
pursuit,n
repair,n
gym,n
clerk,n
Israeli,n
envelope,n
reporting,n
destination,n
fist,n
exploration,n
bath,n
rescue,n
indicator,n
sunlight,n
feedback,n
spectrum,n
laser,n
starting,n
expertise,n
tune,n
eating,n
hint,n
parade,n
realm,n
ban,n
therapist,n
pizza,n
recipient,n
accounting,n
bias,n
metaphor,n
candle,n
handle,n
worry,n
entity,n
suffering,n
feel,n
lamp,n
garbage,n
servant,n
addition,n
inside,n
reception,n
chin,n
necessity,n
racism,n
starter,n
banking,n
gravity,n
prevention,n
Arab,n
performer,n
intent,n
inventory,n
assembly,n
silk,n
magnitude,n
hostage,n
collector,n
popularity,n
kiss,n
alien,n
equation,n
angel,n
switch,n
offering,n
rage,n
photography,n
toilet,n
Russian,n
wake,n
gathering,n
automobile,n
dawn,n
tide,n
romance,n
hardware,n
pillow,n
kit,n
cook,n
spread,n
continent,n
circuit,n
sink,n
ruling,n
shortage,n
trap,n
fool,n
deadline,n
processing,n
ranch,n
diamond,n
credibility,n
import,n
sentiment,n
cart,n
elder,n
pro,n
inspiration,n
quantity,n
trailer,n
mate,n
genius,n
monument,n
bid,n
quest,n
sacrifice,n
invitation,n
accuracy,n
juror,n
broker,n
treasure,n
loyalty,n
gasoline,n
output,n
nominee,n
diabetes,n
jaw,n
grief,n
rocket,n
inmate,n
dynamics,n
bow,n
senior,n
dignity,n
carpet,n
bubble,n
buddy,n
barn,n
sword,n
flash,n
glory,n
drum,n
queen,n
dilemma,n
input,n
northeast,n
liability,n
merchant,n
stadium,n
defeat,n
withdrawal,n
refrigerator,n
nest,n
lane,n
ancestor,n
steam,n
accent,n
escape,n
cage,n
shrimp,n
homeland,n
rack,n
costume,n
wolf,n
courtroom,n
statute,n
cartoon,n
productivity,n
seal,n
bug,n
aunt,n
agriculture,n
bankruptcy,n
vaccine,n
bonus,n
collaboration,n
orbit,n
patience,n
voting,n
patrol,n
willingness,n
revelation,n
rent,n
jewelry,n
trace,n
wagon,n
reliability,n
ass,n
bush,n
clip,n
thigh,n
bull,n
drawer,n
sheep,n
coordinator,n
runner,n
empire,n
cab,n
exam,n
documentary,n
biology,n
web,n
conspiracy,n
catch,n
casualty,n
republic,n
execution,n
whale,n
instinct,n
teammate,n
aluminum,n
ministry,n
verdict,n
skull,n
self-esteem,n
ease,n
bee,n
practitioner,n
loop,n
puzzle,n
mushroom,n
subsidy,n
mathematics,n
mechanic,n
jar,n
earthquake,n
pork,n
creativity,n
dessert,n
sympathy,n
fisherman,n
isolation,n
sock,n
jump,n
entrepreneur,n
syndrome,n
bureau,n
workplace,n
ambition,n
touchdown,n
breeze,n
Christianity,n
translation,n
gut,n
booth,n
helmet,n
waist,n
lion,n
accomplishment,n
panic,n
cast,n
cliff,n
cord,n
cocaine,n
illusion,n
appreciation,n
commissioner,n
flexibility,n
casino,n
tumor,n
pulse,n
equivalent,n
donation,n
diary,n
sibling,n
irony,n
spoon,n
midst,n
alley,n
soap,n
rival,n
pin,n
hockey,n
supplier,n
momentum,n
purse,n
liquid,n
icon,n
elephant,n
legislature,n
associate,n
franchise,n
bicycle,n
fever,n
filter,n
rabbit,n
coin,n
organism,n
sensation,n
stay,n
minimum,n
conservation,n
backyard,n
charter,n
stove,n
consent,n
reminder,n
placement,n
dough,n
grandchild,n
dam,n
outfit,n
columnist,n
workout,n
patent,n
quote,n
trash,n
hormone,n
texture,n
pencil,n
frontier,n
spray,n
bet,n
custody,n
banker,n
beast,n
oak,n
notebook,n
attendance,n
speculation,n
shark,n
mill,n
installation,n
tag,n
swimming,n
fleet,n
catalog,n
outsider,n
stance,n
sensitivity,n
debut,n
confrontation,n
ideal,n
constitution,n
trainer,n
Thanksgiving,n
scent,n
stack,n
eyebrow,n
sack,n
tray,n
pioneer,n
textbook,n
dot,n
wheat,n
kingdom,n
aisle,n
protocol,n
marketplace,n
terrain,n
pasta,n
genre,n
merit,n
planner,n
chunk,n
discount,n
ladder,n
jungle,n
migration,n
breathing,n
hurricane,n
retailer,n
coup,n
ambassador,n
density,n
curiosity,n
aggression,n
stimulus,n
journalism,n
robot,n
feather,n
sphere,n
publicity,n
major,n
well-being,n
validity,n
ecosystem,n
collar,n
weed,n
compliance,n
streak,n
builder,n
glimpse,n
premise,n
specialty,n
artifact,n
monkey,n
mentor,n
listener,n
lightning,n
sleeve,n
disappointment,n
rib,n
debris,n
rod,n
liberal,n
ash,n
parish,n
slavery,n
commodity,n
cure,n
mineral,n
hunger,n
equality,n
cemetery,n
harassment,n
fame,n
likelihood,n
carrot,n
toll,n
rim,n
wheelchair,n
squad,n
processor,n
sponsor,n
grin,n
chill,n
refuge,n
legislator,n
rally,n
programming,n
outlet,n
vendor,n
peanut,n
intellectual,n
conception,n
auction,n
steak,n
triumph,n
shareholder,n
conscience,n
calculation,n
interval,n
jurisdiction,n
constraint,n
expedition,n
similarity,n
butt,n
lid,n
bulk,n
mortality,n
conversion,n
patron,n
liver,n
harmony,n
tolerance,n
instant,n
goat,n
blessing,n
banana,n
running,n
palace,n
peasant,n
grandparent,n
lawmaker,n
supermarket,n
cruise,n
plain,n
calendar,n
widow,n
deposit,n
beard,n
brake,n
screening,n
impulse,n
fur,n
predator,n
forum,n
dancing,n
removal,n
autonomy,n
thread,n
landmark,n
offender,n
fraction,n
tourism,n
threshold,n
suite,n
regulator,n
straw,n
globe,n
objection,n
chemistry,n
blast,n
denial,n
rental,n
fragment,n
warmth,n
undergraduate,n
headache,n
policeman,n
yield,n
projection,n
mention,n
graduation,n
mansion,n
regard,n
grape,n
cottage,n
driveway,n
charm,n
sexuality,n
clay,n
balloon,n
invention,n
ego,n
fare,n
homework,n
disc,n
sofa,n
guarantee,n
availability,n
radar,n
leave,n
permit,n
sweater,n
rehabilitation,n
retreat,n
molecule,n
youngster,n
premium,n
accountability,n
fatigue,n
marker,n
bucket,n
confession,n
marble,n
twist,n
defender,n
transport,n
surveillance,n
technician,n
arrow,n
trauma,n
ribbon,n
meantime,n
harvest,n
spy,n
slot,n
riot,n
nutrient,n
citizenship,n
sovereignty,n
ridge,n
lighting,n
contributor,n
transit,n
seminar,n
electronics,n
shorts,n
accusation,n
cue,n
bride,n
biography,n
hazard,n
tile,n
foreigner,n
launch,n
convenience,n
delight,n
timber,n
plea,n
bulb,n
devil,n
bolt,n
cargo,n
spine,n
seller,n
dock,n
fog,n
diplomat,n
summary,n
missionary,n
epidemic,n
warehouse,n
butterfly,n
bronze,n
praise,n
vacuum,n
stereotype,n
sensor,n
laundry,n
manual,n
pistol,n
plaintiff,n
